Can't stop the feeling,194,Justin Timberlake
Childerens Christmas mix,214,Misc
Do you want to build a snowman,206,Disney Frozen
Into the unknown,194,Disney Frozen
Let it go,219,Disney Frozen
Raining Tacos,98,Parry Gripp
Santa Shark,157,Super Simple Songs
Grinch,178,Burl Ives
Paw Patrol Deck the Halls,117,Nick Jr.
Hot Chocolate,151,"Tom Hanks, Polar Express sound track"
Candy Cane Lane,200,Sia
Into the unknown*,194,Disney Frozen
Let it go*,219,Disney Frozen
Paw Patrol Deck the Halls*,117,Nick Jr.