A Holly Jolly Christmas,135,Burl Ives
All I want for Chirstmas is you,241,Mariah Carey
Beethoven for 250,83,Beethoven
Blinding Lights,200,Weekend
Candy Cane Lane,200,Sia
Carol of the Bells v2,186,Lindsey Sterling
Christmas everyday,226,Simple Plan
Christmas tree farm,228,Taylor Swift
Deck the halls,130,Mannheim Steamroller
Grinch,178,Burl Ives
Hallelujah,269,Pentatonix
Have yourself a merry little christmas,234,Carpenters
Here comes santa clasue,182,Bing Crosby
Home alone v2,152,Dubstep
Hot Chocolate,151,"Tom Hanks, Polar Express sound track"
I saw three ships,153,Lindsey Sterling
I want you for Christmas,246,Cheap Trick
Jingle bell rock,152,Glee Cast
Mistletoe,183,Justin Bieber
Santa Clause is Back in town,153,Kurt Russell
Silent Night,154,Mannheim Steamroller
Silver Bells,184,Bing Crosby
Sleigh Ride,178,Jonny Mathis
Somewhere over the rainbow,308,Israel Kamakawiwo'ole
The Christmas Can-Can,161,Straight No Chaser
The Christmas Song,192,Nat King Cole
The Greatest Show,268,The Greatest Show Soundtrack
The House on Christmas Street,231,Judy Pancoast
The Lights of Christmas v2,239,Kerrie Ironside
Toy Sack,153,Bob Rivers
TSO Christmas Medley v2,192,Trans-Siberian Orchestra
WE three gentlemen,178,Lindsey Sterling
What Christmas means to Me,160,John Legend/Stevie Wonder
Where are you Christmas,247,Faith Hill
Winter Wonderland_dont worry be  happy,207,Pentatonix
Wonderful Christmas time,227,Paul McCartney and Wings
You Make it feel like Christmas v3,156,Blake Shelton and Gwen Stefani